Beam,Station,M3
205,0.2,-12.9489
205,0.6667,4.238
205,1.1333,14.3664
205,1.6,16.3146
205,2.0667,9.4667
205,2.5333,-5.3213
205,3,-26.9275
206,0.1,-30.0819
206,0.6,3.035
206,1.1,28.233
206,1.6,44.1319
206,2.1,49.5817
206,2.6,44.3522
206,3.1,28.6736
206,3.6,3.6959
206,4.1,-29.2007
207,0.1,-27.2164
207,0.5875,6.6
207,1.075,32.9213
207,1.5625,50.4688
207,2.05,58.268
207,2.5375,56.1777
207,3.025,44.2611
207,3.5125,23.3156
207,4,-5.3874
208,0.1,1.4111
208,0.5667,21.6754
208,1.0333,35.1217
208,1.5,40.6278
208,1.9667,37.4456
208,2.4333,26.3232
208,2.9,8.3827
209,0.1,4.8487
209,0.5667,6.2371
209,1.0333,0.8542
209,1.5,-11.3
210,0.1,-12.2261
210,0.4667,-2.263
210,0.8333,3.6862
210,1.2,5.7319
210,1.2,5.7319
210,1.7,-4.4988
210,2.2,-22.037
211,0.1,-22.3969
211,0.4667,-10.769
211,0.8333,-3.1551
211,1.2,0.5553
211,1.2,0.5553
211,1.65,-5.9465
211,2.1,-18.2918
212,0.1,-16.9465
212,0.5667,-4.1443
212,1.0333,1.8865
212,1.5,1.1461
213,0.1,4.5964
213,0.5667,23.3501
213,1.0333,35.2858
213,1.5,39.2813
213,1.9667,34.5884
213,2.4333,21.9554
213,2.9,2.5043
214,0,-67.1156
214,0.45,-11.9048
214,0.9,38.7059
214,0.9,29.118
214,1.2667,44.3497
214,1.6333,54.9437
214,2,60.5727
214,2,57.8836
214,2.5,47.9817
214,3,28.4581
214,3.5,-0.6855
214,4,-37.7414
215,0.1,-15.1132
215,0.575,11.8065
215,1.05,31.5038
215,1.525,42.7953
215,2,44.6655
215,2.475,36.8843
215,2.95,19.6817
215,3.425,-5.9267
215,3.9,-38.7575
216,0.2,-28.6044
216,0.6667,-2.6712
216,1.1333,16.6464
216,1.6,28.5304
216,1.6,32.7608
216,2.1,29.6014
216,2.6,18.2211
216,3.1,0
217,0.1,-29.6984
217,0.4667,-22.1941
217,0.8333,-18.81
217,1.2,-19.5461
218,0.2,-47.8339
218,0.6667,-10.1413
218,1.1333,20.9357
218,1.6,44.5805
218,1.6,40.3502
218,2.1,49.5739
218,2.6,49.1965
218,3.1,39.2199
218,3.1,46.1844
218,3.5,26.075
218,3.9,0.8264
218,4.3,-29.5553
219,0.1,-9.3481
219,0.5,23.7652
219,0.5,22.7274
219,0.8667,34.1355
219,1.2333,38.8254
219,1.6,36.2565
219,1.6,36.2565
219,2,24.984
219,2.4,5.4807
219,2.8,-21.5467
219,2.8,-21.8444
219,2.9,-34.5375
219,2.9,-11.7354
219,3,-0.556
220,0.2,-12.6194
220,0.7,6.8662
220,1.2,18.3217
220,1.7,18.9969
220,2.2,7.4019
220,2.7,-15.3687
220,3.2,-47.2447
220,3.2,-53.8039
220,3.6,-23.1606
220,4,3.4034
221,0,-1.3607
221,0.4333,4.5417
221,0.8667,4.715
221,1.3,0
222,0.1,-17.3792
222,0.5667,2.1053
222,1.0333,14.6386
222,1.5,19.0986
222,1.9667,14.7371
222,2.4333,2.3023
222,2.9,-17.0838
223,0.1,-19.1885
223,0.4667,-18.8822
223,0.8333,-22.6961
223,1.2,-30.6301
224,0.2,-28.2013
224,0.6667,-2.3797
224,1.1333,16.8262
224,1.6,28.5986
224,1.6,33.1197
224,2.1,29.8406
224,2.6,18.3407
224,3.1,0
225,0.2,-48.6023
225,0.6667,-10.4507
225,1.1333,21.0854
225,1.6,45.1891
225,1.6,40.6681
225,2.1,50.3836
225,2.6,50.498
225,3.1,41.0131
225,3.1,47.6731
225,3.5667,23.0136
225,4.0333,-8.6409
225,4.5,-47.2407
226,0.2,-36.4565
226,0.7,-3.6211
226,1.2,21.1905
226,1.7,35.7066
226,2.2,38.86
226,2.7,30.5348
226,3.2,11.123
226,3.7,-18.1129
226,4.2,-55.7867
227,0.2,-15.8324
227,0.6667,5.8696
227,1.1333,20.737
227,1.6,26.5291
227,2.0667,22.0343
227,2.5333,8.9415
227,3,-10.5051
227,3,-9.7501
227,3.1,-27.2328
227,3.1,-10.0994
227,3.2,-1.4691
228,0,0
228,0.4,6.4519
228,0.8,8.8534
228,1.2,6.4519
228,1.6,0
229,0,0
229,0.4625,15.9055
229,0.925,27.6851
229,1.3875,35.3102
229,1.85,38.7807
229,2.3125,38.0966
229,2.775,33.258
229,3.2375,24.2648
229,3.7,11.1458
229,3.7,20.7339
229,4.1,-25.0709
230,0.1,-1.0929
230,0.6,23.3114
230,1.1,36.5706
230,1.1,36.6693
230,1.4667,28.9953
230,1.8333,15.3541
230,2.2,-4.3649
231,0,-44.4455
231,0.4625,-23.3782
231,0.925,-6.1092
231,1.3875,7.3594
231,1.85,17.0277
231,2.3125,22.8957
231,2.775,24.9635
231,3.2375,23.2309
231,3.7,17.6998
231,3.7,25.0843
231,4.1,-12.8366
232,0,0
232,0.5,12.0737
232,1,17.507
232,1.5,15.6024
232,2,6.358
232,2.5,-10.0297
233,0,-60.6319
233,0.45,-12.4535
233,0.9,31.1248
233,0.9,23.7405
233,1.3429,38.6486
233,1.7857,46.4661
233,2.2286,46.1263
233,2.6714,37.538
233,3.1143,20.8323
233,3.5571,-3.2175
233,4,-33.2763
234,0.1,-41.3355
234,0.5875,-6.7637
234,1.075,20.1677
234,1.5625,38.1795
234,2.05,46.2225
234,2.5375,44.0995
234,3.025,32.0077
234,3.5125,10.9962
234,4,-17.6556
235,0.2,-14.1907
235,0.6667,2.5111
235,1.1333,12.0213
235,1.6,13.2181
235,2.0667,5.4856
235,2.5333,-10.3201
235,3,-33.0771
236,0.1,-41.0675
236,0.6,-8.8699
236,1.1,15.2559
236,1.6,29.9299
236,2.1,34.0018
236,2.6,27.2416
236,3.1,9.8795
236,3.6,-16.9346
236,4.1,-51.8204
237,0.1,-52.2463
237,0.5875,-17.1873
237,1.075,10.2313
237,1.5625,28.7308
237,2.05,37.3367
237,2.5375,35.9078
237,3.025,24.5072
237,3.5125,3.9325
237,4,-24.5449
238,0,0
238,0.4333,5.7901
238,0.8667,6.6921
238,1.3,1.8368
238,1.3,7.0203
238,1.7,-18.8347
238,2.1,-48.9457
239,0.1,-43.1027
239,0.5833,-12.5902
239,1.0667,8.8323
239,1.55,19.6135
239,2.0333,18.9092
239,2.5167,8.2963
239,3,-9.7342
240,0.2,-35.3181
240,0.7,-2.084
240,1.2,23.122
240,1.7,37.9333
240,2.2,41.2439
240,2.7,32.9379
240,3.2,13.4074
240,3.7,-16.0855
240,4.2,-54.1456
241,0,-1.6241
241,0.1,-10.3375
241,0.1,-28.1716
241,0.2,-12.1157
241,0.2,-12.8751
241,0.6667,7.2056
241,1.1333,20.9326
241,1.6,26.0616
241,2.0667,20.9036
241,2.5333,6.6704
241,3,-14.3975
242,0,0
242,0.4333,4.8508
242,0.8667,4.8508
242,1.3,0
243,0,0
243,0.4333,4.8508
243,0.8667,4.8508
243,1.3,0
244,0,0
244,0.2,11.5898
244,0.2,11.59
244,0.6667,34.0867
244,1.1333,50.5902
244,1.6,60.3601
244,1.6,62.0885
244,1.95,50.8713
244,2.3,36.6699
244,2.3,36.6695
244,2.8,0
245,0,0
245,0.2,14.6708
245,0.2,14.6716
245,0.6,33.0818
245,1,47.5122
245,1,45.3647
245,1.4667,40.1708
245,1.9333,28.09
245,2.4,9.7916
245,2.4,9.7913
245,2.6,0
246,0,0
246,0.4429,13.7203
246,0.8857,22.3615
246,1.3286,25.0041
246,1.7714,21.5637
246,2.2143,12.0404
246,2.6571,-3.5586
246,3.1,-24.8076
247,0,0
247,0.3667,14.185
247,0.7333,25.0683
247,1.1,32.3225
247,1.1,35.0116
247,1.6,29.4791
247,2.1,16.7593
247,2.6,-3.9389
247,3.1,-32.1555
273,0.2,-30.0215
273,0.6667,-9.3115
273,1.1333,4.3399
273,1.6,9.8111
273,2.0667,6.4863
273,2.5333,-4.7788
273,3,-22.8619
274,0.1,-32.273
274,0.6,1.2249
274,1.1,26.8039
274,1.6,43.0839
274,2.1,48.9147
274,2.6,44.0663
274,3.1,28.7687
274,3.6,4.172
274,4.1,-28.3435
275,0.1,-28.7899
275,0.5875,3.7781
275,1.075,28.851
275,1.5625,45.15
275,2.05,51.7008
275,2.5375,48.362
275,3.025,35.1969
275,3.5125,13.003
275,4,-16.9484
276,0.1,-1.759
276,0.5667,18.7217
276,1.0333,32.3843
276,1.5,38.1068
276,1.9667,35.1409
276,2.4333,24.2349
276,2.9,6.5108
277,0.1,4.2121
277,0.5667,5.6762
277,1.0333,0.369
277,1.5,-11.7095
278,0.1,-11.8943
278,0.4667,-1.8548
278,0.8333,4.1709
278,1.2,6.293
278,1.2,6.293
278,1.7,-3.8336
278,2.2,-21.2676
279,0.1,-21.3539
279,0.4667,-9.7674
279,0.8333,-2.1948
279,1.2,1.4744
279,1.2,1.4744
279,1.65,-5.0782
279,2.1,-17.4741
280,0.1,-16.8695
280,0.5667,-4.145
280,1.0333,1.8082
280,1.5,0.9901
281,0.1,2.9302
281,0.5667,21.4159
281,1.0333,33.0836
281,1.5,36.811
281,1.9667,31.8502
281,2.4333,18.9492
281,2.9,-0.7699
282,0,-63.6639
282,0.45,-11.4985
282,0.9,36.0667
282,0.9,28.4296
282,1.2667,41.8282
282,1.6333,50.5891
282,2,54.3849
282,2,52.0101
282,2.5,39.6085
282,3,17.5851
282,3.5,-14.0582
282,4,-53.6138
283,0.1,-28.0474
283,0.575,0.7508
283,1.05,22.3266
283,1.525,35.4967
283,2,39.2453
283,2.475,33.3426
283,2.95,18.0185
283,3.425,-5.7114
283,3.9,-36.6637
284,0.2,-40.6546
284,0.6667,-12.6367
284,1.1333,8.7656
284,1.6,22.7342
284,1.6,26.0601
284,2.1,25.1343
284,2.6,15.9875
284,3.1,0
285,0.1,-21.9574
285,0.4667,-16.1406
285,0.8333,-14.4439
285,1.2,-16.8675
286,0.2,-61.1844
286,0.6667,-22.5267
286,1.1333,9.5153
286,1.6,34.1252
286,1.6,30.7993
286,2.1,41.057
286,2.6,41.7136
286,3.1,32.771
286,3.1,36.9932
286,3.5,16.9077
286,3.9,-8.3169
286,4.3,-38.6745
287,0.1,-18.4594
287,0.5,14.0905
287,0.5,13.1474
287,0.8667,25.1625
287,1.2333,30.4594
287,1.6,28.4975
287,1.6,28.4975
287,2,17.8871
287,2.4,-0.954
287,2.8,-27.3192
287,2.8,-27.6932
287,2.9,-39.7512
287,2.9,-10.6986
287,3,-0.0454
288,0.2,-21.1637
288,0.7,1.1713
288,1.2,15.4763
288,1.7,19.0008
288,2.2,10.2553
288,2.7,-9.6659
288,3.2,-38.6924
288,3.2,-47.1991
288,3.6,-19.1458
288,4,4.8282
289,0,1.2497
289,0.4333,6.2819
289,0.8667,5.5851
289,1.3,0
290,0.1,-18.7995
290,0.5667,0.7569
290,1.0333,13.3621
290,1.5,17.894
290,1.9667,13.6044
290,2.4333,1.2416
290,2.9,-18.0725
291,0.1,-16.9881
291,0.4667,-14.6228
291,0.8333,-16.3778
291,1.2,-22.2529
292,0.2,-41.7445
292,0.6667,-13.6849
292,1.1333,7.7591
292,1.6,21.7694
292,1.6,25.9261
292,2.1,25.0449
292,2.6,15.9428
292,3.1,0
293,0.2,-66.2004
293,0.6667,-25.4947
293,1.1333,8.5953
293,1.6,35.2531
293,1.6,31.0965
293,2.1,43.5484
293,2.6,46.3993
293,3.1,39.6509
293,3.1,43.5924
293,3.5667,21.3888
293,4.0333,-7.8099
293,4.5,-43.9539
294,0.2,-48.5235
294,0.7,-13.2041
294,1.2,14.0915
294,1.7,31.0915
294,2.2,36.729
294,2.7,30.8878
294,3.2,13.96
294,3.7,-12.792
294,4.2,-47.9818
295,0.2,-23.376
295,0.6667,-0.9872
295,1.1333,14.567
295,1.6,21.0458
295,2.0667,17.2379
295,2.5333,4.8318
295,3,-13.928
295,3,-13.5967
295,3.1,-30.2554
295,3.1,-8.8283
295,3.2,-0.6948
296,0,0
296,0.4,6.4519
296,0.8,8.8534
296,1.2,6.4519
296,1.6,0
297,0,0
297,0.4625,14.4883
297,0.925,24.8507
297,1.3875,31.0586
297,1.85,33.1119
297,2.3125,31.0107
297,2.775,24.7549
297,3.2375,14.3444
297,3.7,-0.1918
297,3.7,7.4455
297,4.1,-38.6455
298,0.1,-6.5004
298,0.6,16.9646
298,1.1,29.2845
298,1.1,29.4023
298,1.4667,21.9901
298,1.8333,8.6105
298,2.2,-10.8467
299,0,-36.4496
299,0.4625,-17.5541
299,0.925,-2.4572
299,1.3875,8.8395
299,1.85,16.3358
299,2.3125,20.0319
299,2.775,19.9277
299,3.2375,16.0231
299,3.7,8.3201
299,3.7,14.4834
299,4.1,-24.517
300,0,0
300,0.5,10.7775
300,1,14.9146
300,1.5,11.7138
300,2,1.1732
300,2.5,-16.5107
301,0,-56.8966
301,0.45,-11.2209
301,0.9,29.8547
301,0.9,23.6916
301,1.3429,36.6645
301,1.7857,42.5467
301,2.2286,40.2716
301,2.6714,29.7482
301,3.1143,11.1072
301,3.5571,-14.8779
301,4,-46.8719
302,0.1,-39.7147
302,0.5875,-6.8721
302,1.075,18.3301
302,1.5625,34.6127
302,2.05,40.9265
302,2.5375,37.0743
302,3.025,23.2532
302,3.5125,0.5126
302,4,-29.8684
303,0.2,-22.8938
303,0.6667,-3.7838
303,1.1333,8.1346
303,1.6,11.7396
303,2.0667,6.4154
303,2.5333,-6.9821
303,3,-27.3309
304,0.1,-44.2142
304,0.6,-11.1792
304,1.1,13.7841
304,1.6,29.2954
304,2.1,34.2048
304,2.6,28.2821
304,3.1,11.7573
304,3.6,-14.2193
304,4.1,-48.2677
305,0.1,-49.7719
305,0.5875,-16.4132
305,1.075,9.305
305,1.5625,26.1042
305,2.05,33.0097
305,2.5375,29.8805
305,3.025,16.7796
305,3.5125,-5.4954
305,4,-35.6732
306,0,0
306,0.4333,5.8813
306,0.8667,6.8744
306,1.3,2.1103
306,1.3,6.3844
306,1.7,-17.4682
306,2.1,-45.5766
307,0.1,-36.3754
307,0.5833,-8.4992
307,1.0667,10.2871
307,1.55,18.432
307,2.0333,15.0915
307,2.5167,1.8423
307,3,-18.8245
308,0.2,-47.926
308,0.7,-12.2709
308,1.2,15.356
308,1.7,32.5882
308,2.2,38.3198
308,2.7,32.4348
308,3.2,15.3251
308,3.7,-11.7468
308,4.2,-47.386
309,0,-0.9387
309,0.1,-9.1679
309,0.1,-31.8992
309,0.2,-16.4899
309,0.2,-16.8151
309,0.6667,2.8438
309,1.1333,16.1489
309,1.6,20.856
309,2.0667,15.2762
309,2.5333,0.6212
309,3,-20.8686
310,0,0
310,0.4333,4.8508
310,0.8667,4.8508
310,1.3,0
311,0,0
311,0.4333,4.8508
311,0.8667,4.8508
311,1.3,0
312,0,0
312,0.2,11.2363
312,0.2,11.2364
312,0.6667,32.9079
312,1.1333,48.5862
312,1.6,57.5309
312,1.6,59.27
312,1.95,48.8749
312,2.3,35.4956
312,2.3,35.4952
312,2.8,0
313,0,0
313,0.2,14.2716
313,0.2,14.2723
313,0.6,31.8835
313,1,45.5149
313,1,43.4581
313,1.4667,38.8203
313,1.9333,27.2956
313,2.4,9.5534
313,2.4,9.5531
313,2.6,0
314,0,0
314,0.4429,12.308
314,0.8857,19.5369
314,1.3286,20.7671
314,1.7714,15.9144
314,2.2143,4.9788
314,2.6571,-12.0325
314,3.1,-34.6939
315,0,0
315,0.3667,12.6754
315,0.7333,22.0491
315,1.1,27.7938
315,1.1,30.1686
315,1.6,22.5775
315,2.1,7.7993
315,2.6,-14.9575
315,3.1,-45.2326
137,0.2,-25.6701
137,0.6667,-6.1527
137,1.1333,6.3061
137,1.6,10.5847
137,2.0667,6.0673
137,2.5333,-6.3904
137,3,-25.6661
138,0.1,-33.9907
138,0.6,-1.0991
138,1.1,23.8736
138,1.6,39.5473
138,2.1,44.7718
138,2.6,39.317
138,3.1,23.4131
138,3.6,-1.7899
138,4.1,-34.9117
139,0.1,-35.7713
139,0.5875,-1.7024
139,1.075,24.8713
139,1.5625,42.6713
139,2.05,50.7229
139,2.5375,48.8851
139,3.025,37.2209
139,3.5125,16.5278
139,4,-11.9227
140,0.1,-1.1871
140,0.5667,18.5104
140,1.0333,31.3898
140,1.5,36.329
140,1.9667,32.5799
140,2.4333,20.8906
140,2.9,2.3833
141,0.1,0.1084
141,0.5667,2.8645
141,1.0333,-1.1507
141,1.5,-11.9372
142,0.1,-12.0609
142,0.4667,-1.616
142,0.8333,4.815
142,1.2,7.3425
142,1.2,7.3425
142,1.7,-2.2313
142,2.2,-19.1126
143,0.1,-19.1696
143,0.4667,-7.8039
143,0.8333,-0.4521
143,1.2,2.9962
143,1.2,2.9962
143,1.65,-3.8273
143,2.1,-16.4943
144,0.1,-15.9722
144,0.5667,-4.6946
144,1.0333,-0.1883
144,1.5,-2.4534
145,0.1,-0.4782
145,0.5667,18.6511
145,1.0333,30.9623
145,1.5,35.3334
145,1.9667,31.0162
145,2.4333,18.7587
145,2.9,-0.3168
146,0,-65.4731
146,0.45,-12.6131
146,0.9,35.6468
146,0.9,27.6472
146,1.2667,41.505
146,1.6333,50.7251
146,2,54.9801
146,2,52.5111
146,2.5,40.7357
146,3,19.3385
146,3.5,-11.6787
146,4,-50.608
147,0.1,-26.372
147,0.575,2.0158
147,1.05,23.1812
147,1.525,35.9408
147,2,39.279
147,2.475,32.9659
147,2.95,17.2314
147,3.425,-6.9088
147,3.9,-38.2716
148,0.2,-37.2927
148,0.6667,-9.8364
148,1.1333,11.0043
148,1.6,24.4115
148,1.6,27.8651
148,2.1,26.3376
148,2.6,16.5892
148,3.1,0
149,0.1,-23.8992
149,0.4667,-17.1301
149,0.8333,-14.4812
149,1.2,-15.9526
150,0.2,-57.2653
150,0.6667,-19.2741
150,1.1333,12.1015
150,1.6,36.0448
150,1.6,32.5912
150,2.1,42.1348
150,2.6,42.0773
150,3.1,32.4205
150,3.1,37.1849
150,3.5,16.9262
150,3.9,-8.4718
150,4.3,-39.0027
151,0.1,-17.0712
151,0.5,15.2758
151,0.5,14.4143
151,0.8667,26.1749
151,1.2333,31.2172
151,1.6,29.0008
151,1.6,29.0008
151,2,18.1128
151,2.4,-1.006
151,2.8,-27.6489
151,2.8,-27.9465
151,2.9,-40.1644
151,2.9,-10.8284
151,3,-0.0753
152,0.2,-18.8447
152,0.7,2.6229
152,1.2,16.0605
152,1.7,18.7177
152,2.2,9.1048
152,2.7,-11.6838
152,3.2,-41.5777
152,3.2,-50.0638
152,3.6,-21.1312
152,4,3.7221
153,0,-0.0437
153,0.4333,5.4197
153,0.8667,5.1539
153,1.3,0
154,0.1,-18.2232
154,0.5667,1.3293
154,1.0333,13.9307
154,1.5,18.4587
154,1.9667,14.1652
154,2.4333,1.7984
154,2.9,-17.5195
155,0.1,-16.0353
155,0.4667,-14.6848
155,0.8333,-17.4544
155,1.2,-24.3441
156,0.2,-38.8807
156,0.6667,-11.2802
156,1.1333,9.7047
156,1.6,23.256
156,1.6,27.4017
156,2.1,26.0287
156,2.6,16.4347
156,3.1,0
157,0.2,-62.4559
157,0.6667,-22.4683
157,1.1333,10.9037
157,1.6,36.8434
157,1.6,32.6977
157,2.1,44.3803
157,2.6,46.4618
157,3.1,38.9441
157,3.1,43.3996
157,3.5667,20.7293
157,4.0333,-8.936
157,4.5,-45.5467
158,0.2,-45.815
158,0.7,-11.1127
158,1.2,15.5658
158,1.7,31.9487
158,2.2,36.9691
158,2.7,30.5108
158,3.2,12.966
158,3.7,-14.4031
158,4.2,-50.21
159,0.2,-21.2478
159,0.6667,0.6563
159,1.1333,15.7256
159,1.6,21.7197
159,2.0667,17.4269
159,2.5333,4.5361
159,3,-14.7085
159,3,-14.2708
159,3.1,-31.1878
159,3.1,-9.0917
159,3.2,-0.8348
160,0,0
160,0.4,6.4519
160,0.8,8.8534
160,1.2,6.4519
160,1.6,0
161,0,0
161,0.4625,14.5748
161,0.925,25.0239
161,1.3875,31.3183
161,1.85,33.4582
161,2.3125,31.4435
161,2.775,25.2743
161,3.2375,14.9504
161,3.7,0.5008
161,3.7,8.5005
161,4.1,-37.6562
162,0.1,-6.7007
162,0.6,17.1916
162,1.1,29.9389
162,1.1,29.9954
162,1.4667,22.7057
162,1.8333,9.4487
162,2.2,-9.886
163,0,-38.2209
163,0.4625,-18.9068
163,0.925,-3.3912
163,1.3875,8.3241
163,1.85,16.2391
163,2.3125,20.3538
163,2.775,20.6682
163,3.2375,17.1823
163,3.7,9.8979
163,3.7,16.3447
163,4.1,-22.457
164,0,0
164,0.5,11.0378
164,1,15.4351
164,1.5,12.4946
164,2,2.2143
164,2.5,-15.2094
165,0,-58.8915
165,0.45,-12.493
165,0.9,29.3054
165,0.9,22.8587
165,1.3429,36.4135
165,1.7857,42.8777
165,2.2286,41.1846
165,2.6714,31.243
165,3.1143,13.184
165,3.5571,-12.2191
165,4,-43.6312
166,0.1,-41.3064
166,0.5875,-8.0613
166,1.075,17.5434
166,1.5625,34.2284
166,2.05,40.9447
166,2.5375,37.495
166,3.025,24.0764
166,3.5125,1.7382
166,4,-28.2403
167,0.2,-20.4161
167,0.6667,-1.945
167,1.1333,9.3344
167,1.6,12.3005
167,2.0667,6.3374
167,2.5333,-7.6991
167,3,-28.6868
168,0.1,-44.085
168,0.6,-11.2342
168,1.1,13.5449
168,1.6,28.8721
168,2.1,33.5973
168,2.6,27.4904
168,3.1,10.7815
168,3.6,-15.3794
168,4.1,-49.6119
169,0.1,-51.4901
169,0.5875,-17.57
169,1.075,8.7098
169,1.5625,26.0704
169,2.05,33.5374
169,2.5375,30.9697
169,3.025,18.4302
169,3.5125,-3.2833
169,4,-32.8996
170,0,0
170,0.4333,5.6479
170,0.8667,6.4076
170,1.3,1.41
170,1.3,5.7671
170,1.7,-18.6945
170,2.1,-47.412
171,0.1,-38.4656
171,0.5833,-9.8798
171,1.0667,9.616
171,1.55,18.4705
171,2.0333,15.8396
171,2.5167,3.2999
171,3,-16.6573
172,0.2,-46.0865
172,0.7,-10.852
172,1.2,16.3543
172,1.7,33.1659
172,2.2,38.4768
172,2.7,32.1712
172,3.2,14.6409
172,3.7,-12.8516
172,4.2,-48.9115
173,0,-1.0094
173,0.1,-9.3227
173,0.1,-32.5454
173,0.2,-16.8949
173,0.2,-17.3068
173,0.6667,2.728
173,1.1333,16.4091
173,1.6,21.4921
173,2.0667,16.2883
173,2.5333,2.0092
173,3,-19.1047
174,0,0
174,0.4333,4.8508
174,0.8667,4.8508
174,1.3,0
175,0,0
175,0.4333,4.8508
175,0.8667,4.8508
175,1.3,0
176,0,0
176,0.2,11.2945
176,0.2,11.2946
176,0.6667,33.1022
176,1.1333,48.9164
176,1.6,57.997
176,1.6,59.692
176,1.95,49.1738
176,2.3,35.6714
176,2.3,35.671
176,2.8,0
177,0,0
177,0.2,14.3533
177,0.2,14.354
177,0.6,32.1287
177,1,45.9235
177,1,43.9256
177,1.4667,39.1514
177,1.9333,27.4903
177,2.4,9.6118
177,2.4,9.6115
177,2.6,0
178,0,0
178,0.4429,12.6183
178,0.8857,20.1576
178,1.3286,21.6982
178,1.7714,17.1558
178,2.2143,6.5306
178,2.6571,-10.1704
178,3.1,-32.5214
179,0,0
179,0.3667,12.9112
179,0.7333,22.5206
179,1.1,28.5011
179,1.1,30.9701
179,1.6,23.7005
179,2.1,9.2437
179,2.6,-13.1915
179,3.1,-43.1452
51,0.2,-17.4412
51,0.6667,-0.0707
51,1.1333,10.2413
51,1.6,12.3731
51,2.0667,5.7089
51,2.5333,-8.8956
51,3,-30.3181
52,0.1,-35.6948
52,0.6,-3.9982
52,1.1,19.7795
52,1.6,34.2582
52,2.1,38.2877
52,2.6,31.638
52,3.1,14.5391
52,3.6,-11.8589
52,4.1,-46.1757
53,0.1,-46.7885
53,0.5875,-10.0475
53,1.075,19.1983
53,1.5625,39.6704
53,2.05,50.3941
53,2.5375,51.2284
53,3.025,42.2363
53,3.5125,24.2153
53,4,-1.5631
54,0.1,0.4948
54,0.5667,18.6974
54,1.0333,30.082
54,1.5,33.5263
54,1.9667,28.2824
54,2.4333,15.0983
54,2.9,-4.9039
55,0.1,-7.5786
55,0.5667,-2.1613
55,1.0333,-3.5154
55,1.5,-11.6408
56,0.1,-11.7144
56,0.4667,-0.7752
56,0.8333,6.15
56,1.2,9.1718
56,1.2,9.1718
56,1.7,0.2721
56,2.2,-15.9351
57,0.1,-16.0797
57,0.4667,-4.8393
57,0.8333,2.3872
57,1.2,5.7102
57,1.2,5.7102
57,1.65,-1.2671
57,2.1,-14.0878
58,0.1,-13.8102
58,0.5667,-5.4412
58,1.0333,-3.8434
58,1.5,-9.0169
59,0.1,-6.7083
59,0.5667,13.7381
59,1.0333,27.3664
59,1.5,33.0545
59,1.9667,30.0543
59,2.4333,19.1139
59,2.9,1.3555
60,0,-68.2994
60,0.45,-14.0632
60,0.9,35.573
60,0.9,26.7474
60,1.2667,41.4833
60,1.6333,51.5816
60,2,56.7148
60,2,54.0794
60,2.5,43.5014
60,3,23.3017
60,3.5,-6.518
60,4,-44.2499
61,0.1,-20.6098
61,0.575,6.6973
61,1.05,26.7819
61,1.525,38.4607
61,2,40.7181
61,2.475,33.3242
61,2.95,16.5089
61,3.425,-8.7122
61,3.9,-41.1557
62,0.2,-32.2102
62,0.6667,-5.6157
62,1.1333,14.3631
62,1.6,26.9084
62,1.6,30.6354
62,2.1,28.1844
62,2.6,17.5126
62,3.1,0
63,0.1,-29.4151
63,0.4667,-20.6948
63,0.8333,-16.0947
63,1.2,-15.6148
64,0.2,-51.5874
64,0.6667,-14.4226
64,1.1333,16.1266
64,1.6,39.2435
64,1.6,35.5165
64,2.1,44.1747
64,2.6,43.2317
64,3.1,32.6896
64,3.1,38.406
64,3.5,18.1058
64,3.9,-7.3335
64,4.3,-37.9059
65,0.1,-12.7832
65,0.5,19.1714
65,0.5,18.4673
65,0.8667,29.6119
65,1.2333,34.0384
65,1.6,31.206
65,1.6,31.206
65,2,19.6461
65,2.4,-0.1445
65,2.8,-27.4593
65,2.8,-27.6656
65,2.9,-40.248
65,2.9,-11.1149
65,3,-0.1709
66,0.2,-14.5841
66,0.7,5.298
66,1.2,17.15
66,1.7,18.2217
66,2.2,7.0232
66,2.7,-15.3509
66,3.2,-46.8304
66,3.2,-54.5731
66,3.6,-24.2349
66,4,2.0242
67,0,-2.2112
67,0.4333,3.9747
67,0.8667,4.4315
67,1.3,0
68,0.1,-16.6646
68,0.5667,2.859
68,1.0333,15.4314
68,1.5,19.9305
68,1.9667,15.6081
68,2.4333,3.2124
68,2.9,-16.1345
69,0.1,-15.6441
69,0.4667,-16.3716
69,0.8333,-21.2192
69,1.2,-30.187
70,0.2,-33.7478
70,0.6667,-6.9762
70,1.1333,13.1797
70,1.6,25.902
70,1.6,30.0662
70,2.1,27.805
70,2.6,17.3229
70,3.1,0
71,0.2,-55.5437
71,0.6667,-16.7828
71,1.1333,15.3625
71,1.6,40.0756
71,1.6,35.9114
71,2.1,46.2797
71,2.6,47.047
71,3.1,38.215
71,3.1,43.7146
71,3.5667,20.1536
71,4.0333,-10.4025
71,4.5,-47.9038
72,0.2,-40.7642
72,0.7,-7.2441
72,1.2,18.2522
72,1.7,33.453
72,2.2,37.2912
72,2.7,29.6507
72,3.2,10.9237
72,3.7,-17.6276
72,4.2,-54.6167
73,0.2,-17.9029
73,0.6667,3.3754
73,1.1333,17.8191
73,1.6,23.1874
73,2.0667,18.2689
73,2.5333,4.7524
73,3,-15.118
73,3,-14.4712
73,3.1,-31.8281
73,3.1,-9.6286
73,3.2,-1.1353
74,0,0
74,0.4,6.4519
74,0.8,8.8534
74,1.2,6.4519
74,1.6,0
75,0,0
75,0.4625,14.898
75,0.925,25.6702
75,1.3875,32.2879
75,1.85,34.7509
75,2.3125,33.0594
75,2.775,27.2133
75,3.2375,17.2127
75,3.7,3.0862
75,3.7,11.9119
75,4.1,-34.2984
76,0.1,-5.2116
76,0.6,19.3957
76,1.1,32.8579
76,1.1,32.8151
76,1.4667,25.5981
76,1.8333,12.4138
76,2.2,-6.8482
77,0,-42.038
77,0.4625,-21.8149
77,0.925,-5.3903
77,1.3875,7.234
77,1.85,16.058
77,2.3125,21.0816
77,2.775,22.305
77,3.2375,19.7281
77,3.7,13.3528
77,3.7,20.3626
77,4.1,-17.9806
78,0,0
78,0.5,11.6535
78,1,16.6666
78,1.5,14.3419
78,2,4.6772
78,2.5,-12.1306
82,0,-61.8726
82,0.45,-14.1939
82,0.9,28.8847
82,0.9,21.875
82,1.3429,36.4446
82,1.7857,43.9236
82,2.2286,43.2452
82,2.6714,34.3184
82,3.1143,17.2741
82,3.5571,-7.1142
82,4,-37.5116
84,0.1,-44.1006
84,0.5875,-9.8017
84,1.075,16.8568
84,1.5625,34.5957
84,2.05,42.3658
84,2.5375,39.9699
84,3.025,27.6051
84,3.5125,6.3208
84,4,-22.6039
85,0.2,-16.8773
85,0.6667,0.5097
85,1.1333,10.7051
85,1.6,12.5871
85,2.0667,5.5399
85,2.5333,-9.5806
85,3,-31.6524
86,0.1,-42.8201
86,0.6,-10.465
86,1.1,13.8183
86,1.6,28.6498
86,2.1,32.8792
86,2.6,26.2766
86,3.1,9.0719
86,3.6,-17.5846
86,4.1,-52.3129
87,0.1,-54.7356
87,0.5875,-19.6677
87,1.075,7.7597
87,1.5625,26.2681
87,2.05,34.8828
87,2.5375,33.4628
87,3.025,22.0711
87,3.5125,1.5053
87,4,-26.9633
88,0,0
88,0.4333,5.3359
88,0.8667,5.7836
88,1.3,0.4742
88,1.3,5.1445
88,1.7,-20.3156
88,2.1,-50.0316
89,0.1,-42.914
89,0.5833,-12.8177
89,1.0667,8.1885
89,1.55,18.5534
89,2.0333,17.433
89,2.5167,6.4038
89,3,-12.043
90,0.2,-41.8452
90,0.7,-7.5689
90,1.2,18.6793
90,1.7,34.5327
90,2.2,38.8856
90,2.7,31.6218
90,3.2,13.1334
90,3.7,-15.3173
90,4.2,-52.3352
91,0,-1.2145
91,0.1,-9.7194
91,0.1,-32.9795
91,0.2,-16.9278
91,0.2,-17.5192
91,0.6667,3.0607
91,1.1333,17.2867
91,1.6,22.9148
91,2.0667,18.2559
91,2.5333,4.5218
91,3,-16.047
92,0,0
92,0.4333,4.8508
92,0.8667,4.8508
92,1.3,0
93,0,0
93,0.4333,4.8508
93,0.8667,4.8508
93,1.3,0
94,0,0
94,0.2,11.4271
94,0.2,11.4273
94,0.6667,33.5444
94,1.1333,49.6682
94,1.6,59.0584
94,1.6,60.6911
94,1.95,49.8815
94,2.3,36.0877
94,2.3,36.0873
94,2.8,0
95,0,0
95,0.2,14.5171
95,0.2,14.5178
95,0.6,32.6201
95,1,46.7426
95,1,44.8111
95,1.4667,39.7786
95,1.9333,27.8593
95,2.4,9.7224
95,2.4,9.7221
95,2.6,0
96,0,0
96,0.4429,13.2262
96,0.8857,21.3734
96,1.3286,23.5218
96,1.7714,19.5874
96,2.2143,9.57
96,2.6571,-6.5231
96,3.1,-28.2662
97,0,0
97,0.3667,13.4597
97,0.7333,23.6177
97,1.1,30.1466
97,1.1,32.7821
97,1.6,26.2604
97,2.1,12.5516
97,2.6,-9.1356
97,3.1,-38.3413
